Workbook

Sheet CurrentPor-Rat Factor Movements
C1: LH = 10 | G1: LH = 20 | H1: LH = 40 | I1: LH = 60 | J1: LH = 20 | K1: Standard deviation of factors
A2: DATE | C2: 1Y_Treasury | D2: 2Y_Treasury | E2: MSFT price | F2: Intel price | G2: Credit spread: sovereign (investment grade, or IG) | H2: Credit spread: sovereign (high yield, or HY) | I2: Credit Spread: Corporate(HY) | J2: Carbon Credits | K2: 1Y_Treasury | L2: 2Y_Treasury | M2: MSFT price | N2: Intel price | O2: Credit spread: sovereign (investment grade, or IG) | P2: Credit spread: sovereign (high yield, or HY) | Q2: Credit Spread: Corporate(HY) | R2: Carbon Credits
A3: 45474 | B3: 45474 | C3: 4.2673967 | D3: 4.5673967 | E3: 521.43896 | F3: 36.962945 | G3: 0.51 | H3: 0.58622522 | I3: 0.69637381 | J3: 21.480999 | K3: =_xlfn.STDEV.P(C3:C263) -> 0.0045375175 | L3: =_xlfn.STDEV.P(D3:D263) -> 0.0044961099 | M3: =_xlfn.STDEV.P(E3:E263) -> 2.9558578e-12 | N3: =_xlfn.STDEV.P(F3:F263) -> 0 | O3: =_xlfn.STDEV.P(G3:G263) -> 1.7763568e-15 | P3: =_xlfn.STDEV.P(H3:H263) -> 1.8873791e-15 | Q3: =_xlfn.STDEV.P(I3:I263) -> 3.663736e-15 | R3: =_xlfn.STDEV.P(J3:J263) -> 6.750156e-14
A4: 45475 | B4: 45475 | C4: 4.269368 | D4: 4.569368 | E4: 521.43896 | F4: 36.962945 | G4: 0.51 | H4: 0.58622522 | I4: 0.69637381 | J4: 21.480999 | K4: Standard deviation/Average%
A5: 45476 | B5: 45476 | C5: 4.2604934 | D5: 4.5604934 | E5: 521.43896 | F5: 36.962945 | G5: 0.51 | H5: 0.58622522 | I5: 0.69637381 | J5: 21.480999 | K5: =_xlfn.STDEV.P(C3:C263)/AVERAGE(C3:C263) -> 0.0010627636 | L5: =_xlfn.STDEV.P(D3:D263)/AVERAGE(D3:D263) -> 0.00098390709 | M5: =_xlfn.STDEV.P(E3:E263)/AVERAGE(E3:E263) -> 5.6686555e-15 | N5: =_xlfn.STDEV.P(F3:F263)/AVERAGE(F3:F263) -> 0 | O5: =_xlfn.STDEV.P(G3:G263)/AVERAGE(G3:G263) -> 3.4830526e-15 | P5: =_xlfn.STDEV.P(H3:H263)/AVERAGE(H3:H263) -> 3.2195461e-15 | Q5: =_xlfn.STDEV.P(I3:I263)/AVERAGE(I3:I263) -> 5.2611628e-15 | R5: =_xlfn.STDEV.P(J3:J263)/AVERAGE(J3:J263) -> 3.1423846e-15
A6: 45477 | B6: 45477 | C6: 4.2669615 | D6: 4.5669615 | E6: 521.43896 | F6: 36.962945 | G6: 0.51 | H6: 0.58622522 | I6: 0.69637381 | J6: 21.480999
A7: 45478 | B7: 45478 | C7: 4.2761961 | D7: 4.5761961 | E7: 521.43896 | F7: 36.962945 | G7: 0.51 | H7: 0.58622522 | I7: 0.69637381 | J7: 21.480999
A8: 45481 | B8: 45481 | C8: 4.2774526 | D8: 4.5774526 | E8: 521.43896 | F8: 36.962945 | G8: 0.51 | H8: 0.58622522 | I8: 0.69637381 | J8: 21.480999
A9: 45482 | B9: 45482 | C9: 4.2662063 | D9: 4.5662063 | E9: 521.43896 | F9: 36.962945 | G9: 0.51 | H9: 0.58622522 | I9: 0.69637381 | J9: 21.480999
A10: 45483 | B10: 45483 | C10: 4.2698552 | D10: 4.5698552 | E10: 521.43896 | F10: 36.962945 | G10: 0.51 | H10: 0.58622522 | I10: 0.69637381 | J10: 21.480999
A11: 45484 | B11: 45484 | C11: 4.2725652 | D11: 4.5725652 | E11: 521.43896 | F11: 36.962945 | G11: 0.51 | H11: 0.58622522 | I11: 0.69637381 | J11: 21.480999
A12: 45485 | B12: 45485 | C12: 4.2675941 | D12: 4.5675941 | E12: 521.43896 | F12: 36.962945 | G12: 0.51 | H12: 0.58622522 | I12: 0.69637381 | J12: 21.480999
A13: 45488 | B13: 45488 | C13: 4.264274 | D13: 4.564274 | E13: 521.43896 | F13: 36.962945 | G13: 0.51 | H13: 0.58622522 | I13: 0.69637381 | J13: 21.480999
A14: 45489 | B14: 45489 | C14: 4.257758 | D14: 4.557758 | E14: 521.43896 | F14: 36.962945 | G14: 0.51 | H14: 0.58622522 | I14: 0.69637381 | J14: 21.480999
A15: 45490 | B15: 45490 | C15: 4.2781558 | D15: 4.5781558 | E15: 521.43896 | F15: 36.962945 | G15: 0.51 | H15: 0.58622522 | I15: 0.69637381 | J15: 21.480999
A16: 45491 | B16: 45491 | C16: 4.2698508 | D16: 4.5698508 | E16: 521.43896 | F16: 36.962945 | G16: 0.51 | H16: 0.58622522 | I16: 0.69637381 | J16: 21.480999
A17: 45492 | B17: 45492 | C17: 4.2720218 | D17: 4.5720218 | E17: 521.43896 | F17: 36.962945 | G17: 0.51 | H17: 0.58622522 | I17: 0.69637381 | J17: 21.480999
... A263: 45838 | B263: 45838 | C263: 4.2660029 | D263: 4.5702642 | E263: 521.43896 | F263: 36.962945 | G263: 0.51 | H263: 0.58622522 | I263: 0.69637381 | J263: 21.480999

Sheet Portfolio
A1: Holding | B1: Quantity | C1: Coupon | D1: Notional | E1: Price | F1: Total | J1: T | N1: LH | O1: ES | P1: Absolute ES | Q1: Calculated value
A2: Treasury bonds | B2: 100 | C2: 3 | D2: 100 | F2: =B2*D2 -> 10000 | J2: 10 | M2: EST(P) | N2: 10 | O2: ='ES, Rates factor movement'!L3 -> -10.108251 | P2: =ABS(O2) -> 10.108251 | Q2: =P2*P2 -> 102.17673
A3: Sovereign Bonds HY | B3: 100 | C3: 3 | D3: 100 | F3: =B3*D3 -> 10000 | P3: ESF,C | Q3: =SQRT(SUM(Q2:Q2)) -> 10.108251
A4: Sovereign Bonds IG | B4: 100 | C4: 3 | D4: 100 | F4: =B4*D4 -> 10000
A5: MSFT stocks | B5: 100 | E5: 500 | F5: =B5*E5 -> 50000
A6: Intel Stock | B6: 100 | E6: 36 | F6: =B6*E6 -> 3600
A7: Carbon credits | B7: 100 | E7: 20 | F7: =B7*E7 -> 2000
A8: Credit Spread Corporate HY | B8: 100 | C8: 3 | D8: 100 | F8: =B8*D8 -> 10000
F9: =SUM(F2:F8) -> 95600

Sheet ES, Rates factor movement
B1: LH=10 | C1: LH=10, 20 | D1: LH=10, 40 | E1: LH=10, 60 | F1: LH=10 | G1: LH=10 | H1: LH=20
B2: Treasury Bonds IG valuation | C2: Credit spread: Sovereign Bonds IG valuation | D2: Credit spread: sovereign (high yield, or HY) | E2: Credit Spread:Corporate HY | F2: MSFT | G2: Intel | H2: carbon credits | I2: Portfolio value | J2: 10 day PnL | K2: VaR | L2: ES, Q(pi,1)
A3: 45474 | B3: =(3/(1+('CurrentPor-Rat Factor Movements'!C3)/100)+103/POWER(1+('CurrentPor-Rat Factor Movements'!D3)/100,2))*100 -> 9707.5858 | C3: =(3/(1+('CurrentPor-Rat Factor Movements'!C3+'CurrentPor-Rat Factor Movements'!G3)/100)+103/POWER(1+('CurrentPor-Rat Factor Movements'!D3+'CurrentPor-Rat Factor Movements'!G3)/100,2))*100 -> 9614.9674 | D3: =(3/(1+('CurrentPor-Rat Factor Movements'!C3+'CurrentPor-Rat Factor Movements'!H3)/100)+103/POWER(1+('CurrentPor-Rat Factor Movements'!D3+'CurrentPor-Rat Factor Movements'!H3)/100,2))*100 -> 9601.2396 | E3: =(3/(1+('CurrentPor-Rat Factor Movements'!C3+'CurrentPor-Rat Factor Movements'!I3)/100)+103/POWER(1+('CurrentPor-Rat Factor Movements'!D3+'CurrentPor-Rat Factor Movements'!I3)/100,2))*100 -> 9581.4547 | F3: =Portfolio!B$5*'CurrentPor-Rat Factor Movements'!E3 -> 52143.896 | G3: =Portfolio!B$6*'CurrentPor-Rat Factor Movements'!F3 -> 3696.2945 | H3: =Portfolio!B$7*'CurrentPor-Rat Factor Movements'!J3 -> 2148.0999 | I3: =SUM(B3:H3) -> 96493.537 | K3: =_xlfn.PERCENTILE.INC(J13:J263, 0.025) -> -8.3341736 | L3: =AVERAGEIF(J13:J263, "<="&K3,J13:J263) -> -10.108251
A4: 45475 | B4: =(3/(1+('CurrentPor-Rat Factor Movements'!C4)/100)+103/POWER(1+('CurrentPor-Rat Factor Movements'!D4)/100,2))*100 -> 9707.2252 | C4: =(3/(1+('CurrentPor-Rat Factor Movements'!C4+'CurrentPor-Rat Factor Movements'!G4)/100)+103/POWER(1+('CurrentPor-Rat Factor Movements'!D4+'CurrentPor-Rat Factor Movements'!G4)/100,2))*100 -> 9614.6119 | D4: =(3/(1+('CurrentPor-Rat Factor Movements'!C4+'CurrentPor-Rat Factor Movements'!H4)/100)+103/POWER(1+('CurrentPor-Rat Factor Movements'!D4+'CurrentPor-Rat Factor Movements'!H4)/100,2))*100 -> 9600.8849 | E4: =(3/(1+('CurrentPor-Rat Factor Movements'!C4+'CurrentPor-Rat Factor Movements'!I4)/100)+103/POWER(1+('CurrentPor-Rat Factor Movements'!D4+'CurrentPor-Rat Factor Movements'!I4)/100,2))*100 -> 9581.1012 | F4: =Portfolio!B$5*'CurrentPor-Rat Factor Movements'!E4 -> 52143.896 | G4: =Portfolio!B$6*'CurrentPor-Rat Factor Movements'!F4 -> 3696.2945 | H4: =Portfolio!B$7*'CurrentPor-Rat Factor Movements'!J4 -> 2148.0999 | I4: =SUM(B4:H4) -> 96492.113
A5: 45476 | B5: =(3/(1+('CurrentPor-Rat Factor Movements'!C5)/100)+103/POWER(1+('CurrentPor-Rat Factor Movements'!D5)/100,2))*100 -> 9708.8487 | C5: =(3/(1+('CurrentPor-Rat Factor Movements'!C5+'CurrentPor-Rat Factor Movements'!G5)/100)+103/POWER(1+('CurrentPor-Rat Factor Movements'!D5+'CurrentPor-Rat Factor Movements'!G5)/100,2))*100 -> 9616.2121 | D5: =(3/(1+('CurrentPor-Rat Factor Movements'!C5+'CurrentPor-Rat Factor Movements'!H5)/100)+103/POWER(1+('CurrentPor-Rat Factor Movements'!D5+'CurrentPor-Rat Factor Movements'!H5)/100,2))*100 -> 9602.4816 | E5: =(3/(1+('CurrentPor-Rat Factor Movements'!C5+'CurrentPor-Rat Factor Movements'!I5)/100)+103/POWER(1+('CurrentPor-Rat Factor Movements'!D5+'CurrentPor-Rat Factor Movements'!I5)/100,2))*100 -> 9582.6929 | F5: =Portfolio!B$5*'CurrentPor-Rat Factor Movements'!E5 -> 52143.896 | G5: =Portfolio!B$6*'CurrentPor-Rat Factor Movements'!F5 -> 3696.2945 | H5: =Portfolio!B$7*'CurrentPor-Rat Factor Movements'!J5 -> 2148.0999 | I5: =SUM(B5:H5) -> 96498.525
A6: 45477 | B6: =(3/(1+('CurrentPor-Rat Factor Movements'!C6)/100)+103/POWER(1+('CurrentPor-Rat Factor Movements'!D6)/100,2))*100 -> 9707.6654 | C6: =(3/(1+('CurrentPor-Rat Factor Movements'!C6+'CurrentPor-Rat Factor Movements'!G6)/100)+103/POWER(1+('CurrentPor-Rat Factor Movements'!D6+'CurrentPor-Rat Factor Movements'!G6)/100,2))*100 -> 9615.0458 | D6: =(3/(1+('CurrentPor-Rat Factor Movements'!C6+'CurrentPor-Rat Factor Movements'!H6)/100)+103/POWER(1+('CurrentPor-Rat Factor Movements'!D6+'CurrentPor-Rat Factor Movements'!H6)/100,2))*100 -> 9601.3178 | E6: =(3/(1+('CurrentPor-Rat Factor Movements'!C6+'CurrentPor-Rat Factor Movements'!I6)/100)+103/POWER(1+('CurrentPor-Rat Factor Movements'!D6+'CurrentPor-Rat Factor Movements'!I6)/100,2))*100 -> 9581.5328 | F6: =Portfolio!B$5*'CurrentPor-Rat Factor Movements'!E6 -> 52143.896 | G6: =Portfolio!B$6*'CurrentPor-Rat Factor Movements'!F6 -> 3696.2945 | H6: =Portfolio!B$7*'CurrentPor-Rat Factor Movements'!J6 -> 2148.0999 | I6: =SUM(B6:H6) -> 96493.852
A7: 45478 | B7: =(3/(1+('CurrentPor-Rat Factor Movements'!C7)/100)+103/POWER(1+('CurrentPor-Rat Factor Movements'!D7)/100,2))*100 -> 9705.9763 | C7: =(3/(1+('CurrentPor-Rat Factor Movements'!C7+'CurrentPor-Rat Factor Movements'!G7)/100)+103/POWER(1+('CurrentPor-Rat Factor Movements'!D7+'CurrentPor-Rat Factor Movements'!G7)/100,2))*100 -> 9613.3811 | D7: =(3/(1+('CurrentPor-Rat Factor Movements'!C7+'CurrentPor-Rat Factor Movements'!H7)/100)+103/POWER(1+('CurrentPor-Rat Factor Movements'!D7+'CurrentPor-Rat Factor Movements'!H7)/100,2))*100 -> 9599.6567 | E7: =(3/(1+('CurrentPor-Rat Factor Movements'!C7+'CurrentPor-Rat Factor Movements'!I7)/100)+103/POWER(1+('CurrentPor-Rat Factor Movements'!D7+'CurrentPor-Rat Factor Movements'!I7)/100,2))*100 -> 9579.8768 | F7: =Portfolio!B$5*'CurrentPor-Rat Factor Movements'!E7 -> 52143.896 | G7: =Portfolio!B$6*'CurrentPor-Rat Factor Movements'!F7 -> 3696.2945 | H7: =Portfolio!B$7*'CurrentPor-Rat Factor Movements'!J7 -> 2148.0999 | I7: =SUM(B7:H7) -> 96487.181
A8: 45481 | B8: =(3/(1+('CurrentPor-Rat Factor Movements'!C8)/100)+103/POWER(1+('CurrentPor-Rat Factor Movements'!D8)/100,2))*100 -> 9705.7465 | C8: =(3/(1+('CurrentPor-Rat Factor Movements'!C8+'CurrentPor-Rat Factor Movements'!G8)/100)+103/POWER(1+('CurrentPor-Rat Factor Movements'!D8+'CurrentPor-Rat Factor Movements'!G8)/100,2))*100 -> 9613.1546 | D8: =(3/(1+('CurrentPor-Rat Factor Movements'!C8+'CurrentPor-Rat Factor Movements'!H8)/100)+103/POWER(1+('CurrentPor-Rat Factor Movements'!D8+'CurrentPor-Rat Factor Movements'!H8)/100,2))*100 -> 9599.4307 | E8: =(3/(1+('CurrentPor-Rat Factor Movements'!C8+'CurrentPor-Rat Factor Movements'!I8)/100)+103/POWER(1+('CurrentPor-Rat Factor Movements'!D8+'CurrentPor-Rat Factor Movements'!I8)/100,2))*100 -> 9579.6515 | F8: =Portfolio!B$5*'CurrentPor-Rat Factor Movements'!E8 -> 52143.896 | G8: =Portfolio!B$6*'CurrentPor-Rat Factor Movements'!F8 -> 3696.2945 | H8: =Portfolio!B$7*'CurrentPor-Rat Factor Movements'!J8 -> 2148.0999 | I8: =SUM(B8:H8) -> 96486.273
A9: 45482 | B9: =(3/(1+('CurrentPor-Rat Factor Movements'!C9)/100)+103/POWER(1+('CurrentPor-Rat Factor Movements'!D9)/100,2))*100 -> 9707.8035 | C9: =(3/(1+('CurrentPor-Rat Factor Movements'!C9+'CurrentPor-Rat Factor Movements'!G9)/100)+103/POWER(1+('CurrentPor-Rat Factor Movements'!D9+'CurrentPor-Rat Factor Movements'!G9)/100,2))*100 -> 9615.182 | D9: =(3/(1+('CurrentPor-Rat Factor Movements'!C9+'CurrentPor-Rat Factor Movements'!H9)/100)+103/POWER(1+('CurrentPor-Rat Factor Movements'!D9+'CurrentPor-Rat Factor Movements'!H9)/100,2))*100 -> 9601.4537 | E9: =(3/(1+('CurrentPor-Rat Factor Movements'!C9+'CurrentPor-Rat Factor Movements'!I9)/100)+103/POWER(1+('CurrentPor-Rat Factor Movements'!D9+'CurrentPor-Rat Factor Movements'!I9)/100,2))*100 -> 9581.6682 | F9: =Portfolio!B$5*'CurrentPor-Rat Factor Movements'!E9 -> 52143.896 | G9: =Portfolio!B$6*'CurrentPor-Rat Factor Movements'!F9 -> 3696.2945 | H9: =Portfolio!B$7*'CurrentPor-Rat Factor Movements'!J9 -> 2148.0999 | I9: =SUM(B9:H9) -> 96494.397
A10: 45483 | B10: =(3/(1+('CurrentPor-Rat Factor Movements'!C10)/100)+103/POWER(1+('CurrentPor-Rat Factor Movements'!D10)/100,2))*100 -> 9707.1361 | C10: =(3/(1+('CurrentPor-Rat Factor Movements'!C10+'CurrentPor-Rat Factor Movements'!G10)/100)+103/POWER(1+('CurrentPor-Rat Factor Movements'!D10+'CurrentPor-Rat Factor Movements'!G10)/100,2))*100 -> 9614.5241 | D10: =(3/(1+('CurrentPor-Rat Factor Movements'!C10+'CurrentPor-Rat Factor Movements'!H10)/100)+103/POWER(1+('CurrentPor-Rat Factor Movements'!D10+'CurrentPor-Rat Factor Movements'!H10)/100,2))*100 -> 9600.7973 | E10: =(3/(1+('CurrentPor-Rat Factor Movements'!C10+'CurrentPor-Rat Factor Movements'!I10)/100)+103/POWER(1+('CurrentPor-Rat Factor Movements'!D10+'CurrentPor-Rat Factor Movements'!I10)/100,2))*100 -> 9581.0138 | F10: =Portfolio!B$5*'CurrentPor-Rat Factor Movements'!E10 -> 52143.896 | G10: =Portfolio!B$6*'CurrentPor-Rat Factor Movements'!F10 -> 3696.2945 | H10: =Portfolio!B$7*'CurrentPor-Rat Factor Movements'!J10 -> 2148.0999 | I10: =SUM(B10:H10) -> 96491.761
A11: 45484 | B11: =(3/(1+('CurrentPor-Rat Factor Movements'!C11)/100)+103/POWER(1+('CurrentPor-Rat Factor Movements'!D11)/100,2))*100 -> 9706.6404 | C11: =(3/(1+('CurrentPor-Rat Factor Movements'!C11+'CurrentPor-Rat Factor Movements'!G11)/100)+103/POWER(1+('CurrentPor-Rat Factor Movements'!D11+'CurrentPor-Rat Factor Movements'!G11)/100,2))*100 -> 9614.0356 | D11: =(3/(1+('CurrentPor-Rat Factor Movements'!C11+'CurrentPor-Rat Factor Movements'!H11)/100)+103/POWER(1+('CurrentPor-Rat Factor Movements'!D11+'CurrentPor-Rat Factor Movements'!H11)/100,2))*100 -> 9600.3098 | E11: =(3/(1+('CurrentPor-Rat Factor Movements'!C11+'CurrentPor-Rat Factor Movements'!I11)/100)+103/POWER(1+('CurrentPor-Rat Factor Movements'!D11+'CurrentPor-Rat Factor Movements'!I11)/100,2))*100 -> 9580.5279 | F11: =Portfolio!B$5*'CurrentPor-Rat Factor Movements'!E11 -> 52143.896 | G11: =Portfolio!B$6*'CurrentPor-Rat Factor Movements'!F11 -> 3696.2945 | H11: =Portfolio!B$7*'CurrentPor-Rat Factor Movements'!J11 -> 2148.0999 | I11: =SUM(B11:H11) -> 96489.804
A12: 45485 | B12: =(3/(1+('CurrentPor-Rat Factor Movements'!C12)/100)+103/POWER(1+('CurrentPor-Rat Factor Movements'!D12)/100,2))*100 -> 9707.5497 | C12: =(3/(1+('CurrentPor-Rat Factor Movements'!C12+'CurrentPor-Rat Factor Movements'!G12)/100)+103/POWER(1+('CurrentPor-Rat Factor Movements'!D12+'CurrentPor-Rat Factor Movements'!G12)/100,2))*100 -> 9614.9318 | D12: =(3/(1+('CurrentPor-Rat Factor Movements'!C12+'CurrentPor-Rat Factor Movements'!H12)/100)+103/POWER(1+('CurrentPor-Rat Factor Movements'!D12+'CurrentPor-Rat Factor Movements'!H12)/100,2))*100 -> 9601.204 | E12: =(3/(1+('CurrentPor-Rat Factor Movements'!C12+'CurrentPor-Rat Factor Movements'!I12)/100)+103/POWER(1+('CurrentPor-Rat Factor Movements'!D12+'CurrentPor-Rat Factor Movements'!I12)/100,2))*100 -> 9581.4193 | F12: =Portfolio!B$5*'CurrentPor-Rat Factor Movements'!E12 -> 52143.896 | G12: =Portfolio!B$6*'CurrentPor-Rat Factor Movements'!F12 -> 3696.2945 | H12: =Portfolio!B$7*'CurrentPor-Rat Factor Movements'!J12 -> 2148.0999 | I12: =SUM(B12:H12) -> 96493.395
A13: 45488 | B13: =(3/(1+('CurrentPor-Rat Factor Movements'!C13)/100)+103/POWER(1+('CurrentPor-Rat Factor Movements'!D13)/100,2))*100 -> 9708.157 | C13: =(3/(1+('CurrentPor-Rat Factor Movements'!C13+'CurrentPor-Rat Factor Movements'!G13)/100)+103/POWER(1+('CurrentPor-Rat Factor Movements'!D13+'CurrentPor-Rat Factor Movements'!G13)/100,2))*100 -> 9615.5304 | D13: =(3/(1+('CurrentPor-Rat Factor Movements'!C13+'CurrentPor-Rat Factor Movements'!H13)/100)+103/POWER(1+('CurrentPor-Rat Factor Movements'!D13+'CurrentPor-Rat Factor Movements'!H13)/100,2))*100 -> 9601.8013 | E13: =(3/(1+('CurrentPor-Rat Factor Movements'!C13+'CurrentPor-Rat Factor Movements'!I13)/100)+103/POWER(1+('CurrentPor-Rat Factor Movements'!D13+'CurrentPor-Rat Factor Movements'!I13)/100,2))*100 -> 9582.0147 | F13: =Portfolio!B$5*'CurrentPor-Rat Factor Movements'!E13 -> 52143.896 | G13: =Portfolio!B$6*'CurrentPor-Rat Factor Movements'!F13 -> 3696.2945 | H13: =Portfolio!B$7*'CurrentPor-Rat Factor Movements'!J13 -> 2148.0999 | I13: =SUM(B13:H13) -> 96495.793 | J13: =I13-I3 -> 2.2560584
A14: 45489 | B14: =(3/(1+('CurrentPor-Rat Factor Movements'!C14)/100)+103/POWER(1+('CurrentPor-Rat Factor Movements'!D14)/100,2))*100 -> 9709.3492 | C14: =(3/(1+('CurrentPor-Rat Factor Movements'!C14+'CurrentPor-Rat Factor Movements'!G14)/100)+103/POWER(1+('CurrentPor-Rat Factor Movements'!D14+'CurrentPor-Rat Factor Movements'!G14)/100,2))*100 -> 9616.7054 | D14: =(3/(1+('CurrentPor-Rat Factor Movements'!C14+'CurrentPor-Rat Factor Movements'!H14)/100)+103/POWER(1+('CurrentPor-Rat Factor Movements'!D14+'CurrentPor-Rat Factor Movements'!H14)/100,2))*100 -> 9602.9738 | E14: =(3/(1+('CurrentPor-Rat Factor Movements'!C14+'CurrentPor-Rat Factor Movements'!I14)/100)+103/POWER(1+('CurrentPor-Rat Factor Movements'!D14+'CurrentPor-Rat Factor Movements'!I14)/100,2))*100 -> 9583.1835 | F14: =Portfolio!B$5*'CurrentPor-Rat Factor Movements'!E14 -> 52143.896 | G14: =Portfolio!B$6*'CurrentPor-Rat Factor Movements'!F14 -> 3696.2945 | H14: =Portfolio!B$7*'CurrentPor-Rat Factor Movements'!J14 -> 2148.0999 | I14: =SUM(B14:H14) -> 96500.502 | J14: =I14-I4 -> 8.3886729
A15: 45490 | B15: =(3/(1+('CurrentPor-Rat Factor Movements'!C15)/100)+103/POWER(1+('CurrentPor-Rat Factor Movements'!D15)/100,2))*100 -> 9705.6179 | C15: =(3/(1+('CurrentPor-Rat Factor Movements'!C15+'CurrentPor-Rat Factor Movements'!G15)/100)+103/POWER(1+('CurrentPor-Rat Factor Movements'!D15+'CurrentPor-Rat Factor Movements'!G15)/100,2))*100 -> 9613.0279 | D15: =(3/(1+('CurrentPor-Rat Factor Movements'!C15+'CurrentPor-Rat Factor Movements'!H15)/100)+103/POWER(1+('CurrentPor-Rat Factor Movements'!D15+'CurrentPor-Rat Factor Movements'!H15)/100,2))*100 -> 9599.3043 | E15: =(3/(1+('CurrentPor-Rat Factor Movements'!C15+'CurrentPor-Rat Factor Movements'!I15)/100)+103/POWER(1+('CurrentPor-Rat Factor Movements'!D15+'CurrentPor-Rat Factor Movements'!I15)/100,2))*100 -> 9579.5255 | F15: =Portfolio!B$5*'CurrentPor-Rat Factor Movements'!E15 -> 52143.896 | G15: =Portfolio!B$6*'CurrentPor-Rat Factor Movements'!F15 -> 3696.2945 | H15: =Portfolio!B$7*'CurrentPor-Rat Factor Movements'!J15 -> 2148.0999 | I15: =SUM(B15:H15) -> 96485.765 | J15: =I15-I5 -> -12.759682
A16: 45491 | B16: =(3/(1+('CurrentPor-Rat Factor Movements'!C16)/100)+103/POWER(1+('CurrentPor-Rat Factor Movements'!D16)/100,2))*100 -> 9707.1369 | C16: =(3/(1+('CurrentPor-Rat Factor Movements'!C16+'CurrentPor-Rat Factor Movements'!G16)/100)+103/POWER(1+('CurrentPor-Rat Factor Movements'!D16+'CurrentPor-Rat Factor Movements'!G16)/100,2))*100 -> 9614.5249 | D16: =(3/(1+('CurrentPor-Rat Factor Movements'!C16+'CurrentPor-Rat Factor Movements'!H16)/100)+103/POWER(1+('CurrentPor-Rat Factor Movements'!D16+'CurrentPor-Rat Factor Movements'!H16)/100,2))*100 -> 9600.7981 | E16: =(3/(1+('CurrentPor-Rat Factor Movements'!C16+'CurrentPor-Rat Factor Movements'!I16)/100)+103/POWER(1+('CurrentPor-Rat Factor Movements'!D16+'CurrentPor-Rat Factor Movements'!I16)/100,2))*100 -> 9581.0146 | F16: =Portfolio!B$5*'CurrentPor-Rat Factor Movements'!E16 -> 52143.896 | G16: =Portfolio!B$6*'CurrentPor-Rat Factor Movements'!F16 -> 3696.2945 | H16: =Portfolio!B$7*'CurrentPor-Rat Factor Movements'!J16 -> 2148.0999 | I16: =SUM(B16:H16) -> 96491.764 | J16: =I16-I6 -> -2.0873942
A17: 45492 | B17: =(3/(1+('CurrentPor-Rat Factor Movements'!C17)/100)+103/POWER(1+('CurrentPor-Rat Factor Movements'!D17)/100,2))*100 -> 9706.7398 | C17: =(3/(1+('CurrentPor-Rat Factor Movements'!C17+'CurrentPor-Rat Factor Movements'!G17)/100)+103/POWER(1+('CurrentPor-Rat Factor Movements'!D17+'CurrentPor-Rat Factor Movements'!G17)/100,2))*100 -> 9614.1335 | D17: =(3/(1+('CurrentPor-Rat Factor Movements'!C17+'CurrentPor-Rat Factor Movements'!H17)/100)+103/POWER(1+('CurrentPor-Rat Factor Movements'!D17+'CurrentPor-Rat Factor Movements'!H17)/100,2))*100 -> 9600.4075 | E17: =(3/(1+('CurrentPor-Rat Factor Movements'!C17+'CurrentPor-Rat Factor Movements'!I17)/100)+103/POWER(1+('CurrentPor-Rat Factor Movements'!D17+'CurrentPor-Rat Factor Movements'!I17)/100,2))*100 -> 9580.6253 | F17: =Portfolio!B$5*'CurrentPor-Rat Factor Movements'!E17 -> 52143.896 | G17: =Portfolio!B$6*'CurrentPor-Rat Factor Movements'!F17 -> 3696.2945 | H17: =Portfolio!B$7*'CurrentPor-Rat Factor Movements'!J17 -> 2148.0999 | I17: =SUM(B17:H17) -> 96490.196 | J17: =I17-I7 -> 3.015185
A18: 45495 | B18: =(3/(1+('CurrentPor-Rat Factor Movements'!C18)/100)+103/POWER(1+('CurrentPor-Rat Factor Movements'!D18)/100,2))*100 -> 9707.4841 | C18: =(3/(1+('CurrentPor-Rat Factor Movements'!C18+'CurrentPor-Rat Factor Movements'!G18)/100)+103/POWER(1+('CurrentPor-Rat Factor Movements'!D18+'CurrentPor-Rat Factor Movements'!G18)/100,2))*100 -> 9614.8672 | D18: =(3/(1+('CurrentPor-Rat Factor Movements'!C18+'CurrentPor-Rat Factor Movements'!H18)/100)+103/POWER(1+('CurrentPor-Rat Factor Movements'!D18+'CurrentPor-Rat Factor Movements'!H18)/100,2))*100 -> 9601.1396 | E18: =(3/(1+('CurrentPor-Rat Factor Movements'!C18+'CurrentPor-Rat Factor Movements'!I18)/100)+103/POWER(1+('CurrentPor-Rat Factor Movements'!D18+'CurrentPor-Rat Factor Movements'!I18)/100,2))*100 -> 9581.3551 | F18: =Portfolio!B$5*'CurrentPor-Rat Factor Movements'!E18 -> 52143.896 | G18: =Portfolio!B$6*'CurrentPor-Rat Factor Movements'!F18 -> 3696.2945 | H18: =Portfolio!B$7*'CurrentPor-Rat Factor Movements'!J18 -> 2148.0999 | I18: =SUM(B18:H18) -> 96493.136 | J18: =I18-I8 -> 6.8625622
A19: 45496 | B19: =(3/(1+('CurrentPor-Rat Factor Movements'!C19)/100)+103/POWER(1+('CurrentPor-Rat Factor Movements'!D19)/100,2))*100 -> 9707.5858 | C19: =(3/(1+('CurrentPor-Rat Factor Movements'!C19+'CurrentPor-Rat Factor Movements'!G19)/100)+103/POWER(1+('CurrentPor-Rat Factor Movements'!D19+'CurrentPor-Rat Factor Movements'!G19)/100,2))*100 -> 9614.9674 | D19: =(3/(1+('CurrentPor-Rat Factor Movements'!C19+'CurrentPor-Rat Factor Movements'!H19)/100)+103/POWER(1+('CurrentPor-Rat Factor Movements'!D19+'CurrentPor-Rat Factor Movements'!H19)/100,2))*100 -> 9601.2396 | E19: =(3/(1+('CurrentPor-Rat Factor Movements'!C19+'CurrentPor-Rat Factor Movements'!I19)/100)+103/POWER(1+('CurrentPor-Rat Factor Movements'!D19+'CurrentPor-Rat Factor Movements'!I19)/100,2))*100 -> 9581.4547 | F19: =Portfolio!B$5*'CurrentPor-Rat Factor Movements'!E19 -> 52143.896 | G19: =Portfolio!B$6*'CurrentPor-Rat Factor Movements'!F19 -> 3696.2945 | H19: =Portfolio!B$7*'CurrentPor-Rat Factor Movements'!J19 -> 2148.0999 | I19: =SUM(B19:H19) -> 96493.537 | J19: =I19-I9 -> -0.85990618
A20: 45497 | B20: =(3/(1+('CurrentPor-Rat Factor Movements'!C20)/100)+103/POWER(1+('CurrentPor-Rat Factor Movements'!D20)/100,2))*100 -> 9707.0759 | C20: =(3/(1+('CurrentPor-Rat Factor Movements'!C20+'CurrentPor-Rat Factor Movements'!G20)/100)+103/POWER(1+('CurrentPor-Rat Factor Movements'!D20+'CurrentPor-Rat Factor Movements'!G20)/100,2))*100 -> 9614.4648 | D20: =(3/(1+('CurrentPor-Rat Factor Movements'!C20+'CurrentPor-Rat Factor Movements'!H20)/100)+103/POWER(1+('CurrentPor-Rat Factor Movements'!D20+'CurrentPor-Rat Factor Movements'!H20)/100,2))*100 -> 9600.7381 | E20: =(3/(1+('CurrentPor-Rat Factor Movements'!C20+'CurrentPor-Rat Factor Movements'!I20)/100)+103/POWER(1+('CurrentPor-Rat Factor Movements'!D20+'CurrentPor-Rat Factor Movements'!I20)/100,2))*100 -> 9580.9548 | F20: =Portfolio!B$5*'CurrentPor-Rat Factor Movements'!E20 -> 52143.896 | G20: =Portfolio!B$6*'CurrentPor-Rat Factor Movements'!F20 -> 3696.2945 | H20: =Portfolio!B$7*'CurrentPor-Rat Factor Movements'!J20 -> 2148.0999 | I20: =SUM(B20:H20) -> 96491.523 | J20: =I20-I10 -> -0.23773393
A21: 45498 | B21: =(3/(1+('CurrentPor-Rat Factor Movements'!C21)/100)+103/POWER(1+('CurrentPor-Rat Factor Movements'!D21)/100,2))*100 -> 9706.7602 | C21: =(3/(1+('CurrentPor-Rat Factor Movements'!C21+'CurrentPor-Rat Factor Movements'!G21)/100)+103/POWER(1+('CurrentPor-Rat Factor Movements'!D21+'CurrentPor-Rat Factor Movements'!G21)/100,2))*100 -> 9614.1537 | D21: =(3/(1+('CurrentPor-Rat Factor Movements'!C21+'CurrentPor-Rat Factor Movements'!H21)/100)+103/POWER(1+('CurrentPor-Rat Factor Movements'!D21+'CurrentPor-Rat Factor Movements'!H21)/100,2))*100 -> 9600.4276 | E21: =(3/(1+('CurrentPor-Rat Factor Movements'!C21+'CurrentPor-Rat Factor Movements'!I21)/100)+103/POWER(1+('CurrentPor-Rat Factor Movements'!D21+'CurrentPor-Rat Factor Movements'!I21)/100,2))*100 -> 9580.6453 | F21: =Portfolio!B$5*'CurrentPor-Rat Factor Movements'!E21 -> 52143.896 | G21: =Portfolio!B$6*'CurrentPor-Rat Factor Movements'!F21 -> 3696.2945 | H21: =Portfolio!B$7*'CurrentPor-Rat Factor Movements'!J21 -> 2148.0999 | I21: =SUM(B21:H21) -> 96490.277 | J21: =I21-I11 -> 0.47325429
A22: 45499 | B22: =(3/(1+('CurrentPor-Rat Factor Movements'!C22)/100)+103/POWER(1+('CurrentPor-Rat Factor Movements'!D22)/100,2))*100 -> 9707.4401 | C22: =(3/(1+('CurrentPor-Rat Factor Movements'!C22+'CurrentPor-Rat Factor Movements'!G22)/100)+103/POWER(1+('CurrentPor-Rat Factor Movements'!D22+'CurrentPor-Rat Factor Movements'!G22)/100,2))*100 -> 9614.8237 | D22: =(3/(1+('CurrentPor-Rat Factor Movements'!C22+'CurrentPor-Rat Factor Movements'!H22)/100)+103/POWER(1+('CurrentPor-Rat Factor Movements'!D22+'CurrentPor-Rat Factor Movements'!H22)/100,2))*100 -> 9601.0962 | E22: =(3/(1+('CurrentPor-Rat Factor Movements'!C22+'CurrentPor-Rat Factor Movements'!I22)/100)+103/POWER(1+('CurrentPor-Rat Factor Movements'!D22+'CurrentPor-Rat Factor Movements'!I22)/100,2))*100 -> 9581.3118 | F22: =Portfolio!B$5*'CurrentPor-Rat Factor Movements'!E22 -> 52143.896 | G22: =Portfolio!B$6*'CurrentPor-Rat Factor Movements'!F22 -> 3696.2945 | H22: =Portfolio!B$7*'CurrentPor-Rat Factor Movements'!J22 -> 2148.0999 | I22: =SUM(B22:H22) -> 96492.962 | J22: =I22-I12 -> -0.43288779
A23: 45502 | B23: =(3/(1+('CurrentPor-Rat Factor Movements'!C23)/100)+103/POWER(1+('CurrentPor-Rat Factor Movements'!D23)/100,2))*100 -> 9708.159 | C23: =(3/(1+('CurrentPor-Rat Factor Movements'!C23+'CurrentPor-Rat Factor Movements'!G23)/100)+103/POWER(1+('CurrentPor-Rat Factor Movements'!D23+'CurrentPor-Rat Factor Movements'!G23)/100,2))*100 -> 9615.5323 | D23: =(3/(1+('CurrentPor-Rat Factor Movements'!C23+'CurrentPor-Rat Factor Movements'!H23)/100)+103/POWER(1+('CurrentPor-Rat Factor Movements'!D23+'CurrentPor-Rat Factor Movements'!H23)/100,2))*100 -> 9601.8033 | E23: =(3/(1+('CurrentPor-Rat Factor Movements'!C23+'CurrentPor-Rat Factor Movements'!I23)/100)+103/POWER(1+('CurrentPor-Rat Factor Movements'!D23+'CurrentPor-Rat Factor Movements'!I23)/100,2))*100 -> 9582.0167 | F23: =Portfolio!B$5*'CurrentPor-Rat Factor Movements'!E23 -> 52143.896 | G23: =Portfolio!B$6*'CurrentPor-Rat Factor Movements'!F23 -> 3696.2945 | H23: =Portfolio!B$7*'CurrentPor-Rat Factor Movements'!J23 -> 2148.0999 | I23: =SUM(B23:H23) -> 96495.801 | J23: =I23-I13 -> 0.0078438764
A24: 45503 | B24: =(3/(1+('CurrentPor-Rat Factor Movements'!C24)/100)+103/POWER(1+('CurrentPor-Rat Factor Movements'!D24)/100,2))*100 -> 9707.8407 | C24: =(3/(1+('CurrentPor-Rat Factor Movements'!C24+'CurrentPor-Rat Factor Movements'!G24)/100)+103/POWER(1+('CurrentPor-Rat Factor Movements'!D24+'CurrentPor-Rat Factor Movements'!G24)/100,2))*100 -> 9615.2186 | D24: =(3/(1+('CurrentPor-Rat Factor Movements'!C24+'CurrentPor-Rat Factor Movements'!H24)/100)+103/POWER(1+('CurrentPor-Rat Factor Movements'!D24+'CurrentPor-Rat Factor Movements'!H24)/100,2))*100 -> 9601.4903 | E24: =(3/(1+('CurrentPor-Rat Factor Movements'!C24+'CurrentPor-Rat Factor Movements'!I24)/100)+103/POWER(1+('CurrentPor-Rat Factor Movements'!D24+'CurrentPor-Rat Factor Movements'!I24)/100,2))*100 -> 9581.7047 | F24: =Portfolio!B$5*'CurrentPor-Rat Factor Movements'!E24 -> 52143.896 | G24: =Portfolio!B$6*'CurrentPor-Rat Factor Movements'!F24 -> 3696.2945 | H24: =Portfolio!B$7*'CurrentPor-Rat Factor Movements'!J24 -> 2148.0999 | I24: =SUM(B24:H24) -> 96494.544 | J24: =I24-I14 -> -5.9575365
... A263: 45838 | B263: =(3/(1+('CurrentPor-Rat Factor Movements'!C263)/100)+103/POWER(1+('CurrentPor-Rat Factor Movements'!D263)/100,2))*100 -> 9707.073 | C263: =(3/(1+('CurrentPor-Rat Factor Movements'!C263+'CurrentPor-Rat Factor Movements'!G263)/100)+103/POWER(1+('CurrentPor-Rat Factor Movements'!D263+'CurrentPor-Rat Factor Movements'!G263)/100,2))*100 -> 9614.462 | D263: =(3/(1+('CurrentPor-Rat Factor Movements'!C263+'CurrentPor-Rat Factor Movements'!H263)/100)+103/POWER(1+('CurrentPor-Rat Factor Movements'!D263+'CurrentPor-Rat Factor Movements'!H263)/100,2))*100 -> 9600.7353 | E263: =(3/(1+('CurrentPor-Rat Factor Movements'!C263+'CurrentPor-Rat Factor Movements'!I263)/100)+103/POWER(1+('CurrentPor-Rat Factor Movements'!D263+'CurrentPor-Rat Factor Movements'!I263)/100,2))*100 -> 9580.9521 | F263: =Portfolio!B$5*'CurrentPor-Rat Factor Movements'!E263 -> 52143.896 | G263: =Portfolio!B$6*'CurrentPor-Rat Factor Movements'!F263 -> 3696.2945 | H263: =Portfolio!B$7*'CurrentPor-Rat Factor Movements'!J263 -> 2148.0999 | I263: =SUM(B263:H263) -> 96491.512 | J263: =I263-I253 -> -2.7893719

Sheet NMRF
A1: 8. 🔋 Lithium / Rare Earth Commodity Futures
A3: The Risk Factor:
A5: Lithium carbonate futures
A6: Cobalt or rare earth element derivatives
A8: Why NMRF in 2007:
A10: ❌ No lithium futures (demand was minimal - pre-EV boom)
A11: ❌ Rare earths traded OTC only
A12: ❌ China monopoly = no transparent pricing
A13: ❌ No derivatives exchanges
A15: Today:
A17: ✅ CME lithium futures launched (2021)
A18: ✅ LME cobalt futures exist
... A41: ESG/Green Bond Spreads

Sheet formulae
A1: NORM.INV(RAND(), 38, 5)
A2: FILTER(A2, WEEKDAY(A2, 2) <= 5)
